"~id","~labels","dimensionID","Dimension","criterionID","Criterion","docID","Reference","Link","Name","Year","publisherID","Publisher","Type","typeID"
"157","Dimension","A","Stages of AI adoption",,,,,,,,,,,
"158","Dimension","B","Document application aspects",,,,,,,,,,,
"159","Dimension","C","AI enablers",,,,,,,,,,,
"160","Dimension","D","AI application",,,,,,,,,,,
"161","Dimension","E","AI barriers",,,,,,,,,,,
"162","Criteria",,,"A1","Conceptualization",,,,,,,,,
"163","Criteria",,,"A2","Data Preparation & Exploration",,,,,,,,,
"164","Criteria",,,"A3","Model Building and Evaluation",,,,,,,,,
"165","Criteria",,,"A4","Deployment and Monitoring",,,,,,,,,
"166","Criteria",,,"B1","Examples",,,,,,,,,
"167","Criteria",,,"B2","Quick Read",,,,,,,,,
"168","Criteria",,,"B3","Stakeholder Inclusivity",,,,,,,,,
"169","Criteria",,,"B4","Feasibility - Capabilities",,,,,,,,,
"170","Criteria",,,"B5","Feasibility - Resources",,,,,,,,,
"171","Criteria",,,"B6","Recommendations of Techniques",,,,,,,,,
"172","Criteria",,,"B7","Recommendations of Training",,,,,,,,,
"173","Criteria",,,"B8","Evidence of Adoption",,,,,,,,,
"174","Criteria",,,"C1","Development of dynamic capabilities",,,,,,,,,
"175","Criteria",,,"C2","Simple solutions",,,,,,,,,
"176","Criteria",,,"C3","Managerial capability development",,,,,,,,,
"177","Criteria",,,"C4","Access to financial resources",,,,,,,,,
"178","Criteria",,,"C5","Sharing of success stories",,,,,,,,,
"179","Criteria",,,"C6","Market regulation & Standards",,,,,,,,,
"180","Criteria",,,"C7","AI Strategy",,,,,,,,,
"181","Criteria",,,"C8","Innovation culture",,,,,,,,,
"182","Criteria",,,"C9","Data governance",,,,,,,,,
"183","Criteria",,,"C10","Ethical considerations",,,,,,,,,
"184","Criteria",,,"D1","Management suppport",,,,,,,,,
"185","Criteria",,,"D2","HRM",,,,,,,,,
"186","Criteria",,,"D3","R&D",,,,,,,,,
"187","Criteria",,,"D4","Inbound logistics",,,,,,,,,
"188","Criteria",,,"D5","Production",,,,,,,,,
"189","Criteria",,,"D6","Outbound logistics",,,,,,,,,
"190","Criteria",,,"D7","Marketing & Sales",,,,,,,,,
"191","Criteria",,,"D8","Customer support",,,,,,,,,
"192","Criteria",,,"D9","Security",,,,,,,,,
"193","Criteria",,,"E1","Lack of employee capabilities",,,,,,,,,
"194","Criteria",,,"E2","Lack of managerial capabilities",,,,,,,,,
"195","Criteria",,,"E3","Lack of operational resources",,,,,,,,,
"196","Criteria",,,"E4","Limited understanding of specific technologies",,,,,,,,,
"197","Criteria",,,"E5","Lack of a strategic approach",,,,,,,,,
"198","Criteria",,,"E6","Inability to acquire or develop needed technologies",,,,,,,,,
"199","Criteria",,,"E7","Lack of high quality, labelled data",,,,,,,,,
"200","Criteria",,,"E8","Lack of integrated data",,,,,,,,,
"201","Criteria",,,"E9","Lack of a clear ethical approach",,,,,,,,,
"202","Document",,,,,1,"[65]","https://apps.digicatapult.org.uk/ai-adoption-toolkit/#section-2 ","AI Adoption Toolkit",,,,,
"203","Document",,,,,2,"[81]","https://www.pluralsight.com/product/flow/developer-success-lab/dsl-navigate-toolkit ","Generative AI Adoption Toolkit",,,,,
"204","Document",,,,,3,"[88]","https://www.mckinsey.com/capabilities/mckinsey-digital/our-insights/rewired-to-outcompete","Rewired to Outcompete",2023,,,,
"205","Document",,,,,4,"[74]","https://digitaleducation.lincoln.ac.uk/resourceshub/ai-toolkit/","AI Toolkit University of Lincoln",,,,,
"206","Document",,,,,5,"[84]","https://kitt4sme.eu/ ","KITT4SME",2023,,,,
"207","Document",,,,,6,"[90]","https://www.weforum.org/publications/adopting-ai-responsibly-guidelines-for-procurement-of-ai-solutions-by-the-private-sector/ ","Adopting AI Responsibly: Guidelines for Procurement of AI Solutions by the Private Sector",2023,,,,
"208","Document",,,,,7,"[20]","https://www.capgemini.com/gb-en/wp-content/uploads/sites/3/2017/09/dti-ai-report_final1-1.pdf","Turning AI into concrete value: the successful implementers toolkit ",2018,,,,
"209","Document",,,,,8,"[93]","https://adoption.microsoft.com/en-us/copilot-commercial-data-protection/","Copilot adoption kit",,,,,
"210","Document",,,,,9,"[67]","https://www.tmforum.org/resources/toolkit/ai-toolkit/","AI Toolkit TM Forum",2021,,,,
"211","Document",,,,,10,"[68]","https://cloud.google.com/resources/cloud-ai-adoption-framework-whitepaper ","Cloud AI Adoption Framework",,,,,
"212","Document",,,,,11,"[87]","https://www.ctga.ox.ac.uk/files/aiadoptionstrategies-march2019pdf ","AI Adoption Strategies",2019,,,,
"213","Document",,,,,12,"[60]","https://peak.ai/hub/blog/what-is-ai-adoption/ ","The ultimate guide to AI adoption",2023,,,,
"214","Document",,,,,13,"[95]","https://www.intel.com/content/www/us/en/it-management/intel-it-best-practices/ai-for-managers.html","7 Things Managers and Leaders Can Do to Facilitate a Successful Artificial Intelligence Adoption in Their Organization",,,,,
"215","Document",,,,,14,"[91]","https://www.pwc.com/il/en/mc/ai_adopion_study.pdf","AI Adoption in the Business World: Current Trends and Future Predictions",2023,,,,
"216","Document",,,,,15,"[66]","https://easywithai.com/guide/","AI Guides & Tutorials",,,,,
"217","Document",,,,,16,"[96]","http://proboscis.org.uk/6346/ai-for-decision-makers/","AI for Decision Makers",2020,,,,
"218","Document",,,,,17,"[97]","https://express.adobe.com/page/RsXNkZANwMLEf/","An Oversight Toolkit for Boards of Directors",2020,,,,
"219","Document",,,,,18,"[62]","https://datanutrition.org/","The Data Nutrition Project",2021,,,,
"220","Document",,,,,19,"[82]","https://almaden.ai/ai/challenges-and-guidelines-for-generative-ai-in-business/","Challenges and Guidelines for Generative AI in companies",2023,,,,
"221","Document",,,,,20,"[102]","https://oecd.ai/en/classification","OECD Framework for Classifying AI Systems",2022,,,,
"222","Document",,,,,21,"[63]","https://www.cov.com/en/topics/artificial-intelligence-toolkit","Artificial Intelligence Toolkit Covington",2021,,,,
"223","Document",,,,,22,"[1]","10.1080/23270012.2020.1852895","Success Factors Impacting Artificial Intelligence Adoption: Perspective from the Telecom Industry in China",2020,,,,
"224","Document",,,,,23,"[64]","https://link.springer.com/chapter/10.1007/978-3-030-25540-4_25","VERIFAI: A Toolkit for the Formal Design and Analysis of Artificial Intelligence-Based Systems",2019,,,,
"225","Document",,,,,24,"[98]","https://ieeexplore.ieee.org/document/9721903","Personas for Artificial Intelligence (AI) an Open Source Toolbox",2022,,,,
"226","Document",,,,,25,"[61]","https://www.tandfonline.com/doi/full/10.1080/2573234X.2018.1543535","From analytics to artificial intelligence",2018,,,,
"227","Document",,,,,26,"[72]","https://www.cell.com/patterns/pdf/S2666-3899(22)00074-5.pdf","An artificial intelligence life cycle: From conception to production",2022,,,,
"228","Document",,,,,27,"[47]","https://doi.org/10.1111/jpim.12656","Augmenting human innovation teams with artificial intelligence: Exploring transformer-based language models",2023,,,,
"229","Document",,,,,28,"[92]","https://doi.org/10.1177/0008125619867910","Artificial Intelligence in Human Resources Management: Challenges and a Path Forward",2019,,,,
"230","Document",,,,,29,"[21]","https://web.archive.org/web/20220802074029id_/https://aisel.aisnet.org/cgi/viewcontent.cgi?article=1187&context=pacis2021","Exploring the Artificial Intelligence Adoption Journey-A Multiple Case Studies Approach ",2021,,,,
"231","Document",,,,,30,"[4]","10.1007/s10479-020-03683-9","Understanding artificial intelligence adoption in operations management: insights from the review of academic literature and social media discussions",2020,,,,
"232","Document",,,,,31,"[76]","https://web.archive.org/web/20200324144101id_/https://aisel.aisnet.org/cgi/viewcontent.cgi?article=1105&context=ecis2019_rp","A New Organizational Chassis for Artificial Intelligence - Exploring Organizational Readiness Factors",2019,,,,
"233","Document",,,,,32,"[79]","https://ieeexplore.ieee.org/document/9285283","Industrial Artificial Intelligence in Industry 4.0 - Systematic Review, Challenges and Outlook",2020,,,,
"234","Document",,,,,33,"[94]","https://www.tandfonline.com/doi/full/10.1080/09585192.2022.2035161","Artificial intelligence  challenges and opportunities for international HRM: a review and research agenda",2022,,,,
"235","Document",,,,,34,"[101]","https://link.springer.com/article/10.1007/s10479-020-03918-9","Adoption and use of AI tools: a research agenda grounded in UTAUT",2022,,,,
"236","Document",,,,,35,"[103]","https://www.emerald.com/insight/content/doi/10.1108/JEIM-05-2020-0185/full/html","Does marketing analytics capability boost firms' competitive marketing performance in data-rich business environment?",2020,,,,
"237","Document",,,,,36,"[73]","10.3389/fdgth.2021.594971","Success Factors of Artificial Intelligence Implementation in Healthcare",2021,,,,
"238","Document",,,,,37,"[104]","https://dl.acm.org/doi/abs/10.1155/2021/8891298","The Role of Artificial and Nonartificial Intelligence in the New Product Success with Moderating Role of New Product Innovation: A Case of Manufacturing Companies in China",2021,,,,
"239","Document",,,,,38,"[70]","10.1007/s40860-023-00208-6","Towards AI-assisted digital twins for smart railways: preliminary guideline and reference architecture",2023,,,,
"240","Document",,,,,39,"[69]","10.1109/MIE.2022.3165673","Smart Infrastructures: Artificial Intelligence-Enabled Lifecycle Automation",2023,,,,
"241","Document",,,,,40,"[99]","10.1038/s41746-022-00597-7","Human-machine teaming is key to AI adoption: clinicians' Experiences with a deployed machine learning system",2022,,,,
"242","Document",,,,,41,"[71]","10.1109/TVCG.2021.3114836","VBridge: Connecting the Dots Between Features and Data to Explain Healthcare Models",2022,,,,
"243","Document",,,,,42,"[80]","10.3389/fbuil.2022.864814","Perceived Benefits of Automation and Artificial Intelligence in the AEC Sector: An Interpretive Structural Modeling Approach",2022,,,,
"244","Document",,,,,43,"[78]","10.1007/s00170-018-3106-3","A reference framework and overall planning of industrial artificial intelligence (I-AI) for new application scenarios",2018,,,,
"245","Document",,,,,44,"[3]","https://doi.org/10.1177/1536504219865226","Demystifying AI: What Digital Transformation Leaders Can Teach You about Realistic Artificial Intelligence",2019,,,,
"246","Document",,,,,45,"[5]","https://doi.org/10.1016/j.ijpe.2019.01.004","Industry 4.0 technologies: Implementation patterns in manufacturing companies",2019,,,,
"247","Document",,,,,46,"[27]","10.1016/j.technovation.2023.102763","Big data as an exploration trigger or problem-solving patch: Design and integration of AI-embedded systems in the automotive industry",2023,,,,
"248","Document",,,,,47,"[86]","https://www.avenga.com/magazine/digital-transformation-with-artificial-intelligence-10-examples-a-guide/","Digital transformation with Artificial Intelligence: 10 examples and a guide",2023,,,,
"249","Document",,,,,48,"[77]","https://www.westmonroe.com/perspectives/point-of-view/ai-adoption-shift-focus-from-tools-technology-to-solving-problems","AI Adoption: Shift your focus from tools and technology to solving problems",2023,,,,
"250","Document",,,,,49,"[100]","https://www.adalovelaceinstitute.org/project/just-ai-reflection-prototype/","JUST AI reflection prototype",2021,,,,
"251","Document",,,,,50,"[75]","https://www.nature.com/articles/s41746-021-00549-7","Guidelines and quality criteria for artificial intelligence-based prediction models in healthcare: a scoping review",2022,,,,
"252","Document",,,,,51,"[89]","https://www.alliekmiller.com/enterprise-ai-mastery-toolkit","Eneterprise AI Mastery Toolkit",,,,,
"253","Publisher",,,,,,,,,,1,"Ada Lovelace Institute",,
"254","Publisher",,,,,,,,,,2,"Almaden",,
"255","Publisher",,,,,,,,,,3,"Annals of Operations Research",,
"256","Publisher",,,,,,,,,,4,"Association for Information Systems",,
"257","Publisher",,,,,,,,,,5,"Avenga",,
"258","Publisher",,,,,,,,,,6,"California Management Review",,
"259","Publisher",,,,,,,,,,7,"Capgemini",,
"260","Publisher",,,,,,,,,,8,"Centre for Technology & Global Affairs University of Oxford",,
"261","Publisher",,,,,,,,,,9,"Complexity",,
"262","Publisher",,,,,,,,,,10,"Computer Aided Verification",,
"263","Publisher",,,,,,,,,,11,"Covington",,
"264","Publisher",,,,,,,,,,12,"Data Nutrition Project",,
"265","Publisher",,,,,,,,,,13,"Digital Catapult",,
"266","Publisher",,,,,,,,,,14,"Easy with AI",,
"267","Publisher",,,,,,,,,,15,"Frontiers in Built Environment",,
"268","Publisher",,,,,,,,,,16,"Frontiers in Digital Health",,
"269","Publisher",,,,,,,,,,17,"Google",,
"270","Publisher",,,,,,,,,,18,"IEEE Access",,
"271","Publisher",,,,,,,,,,19,"IEEE Industrial Electronics Magazine",,
"272","Publisher",,,,,,,,,,20,"IEEE Transactions on Visualization and Computer Graphics",,
"273","Publisher",,,,,,,,,,21,"Intel",,
"274","Publisher",,,,,,,,,,22,"International Journal of Production Economics",,
"275","Publisher",,,,,,,,,,23,"Journal of Business Analytics",,
"276","Publisher",,,,,,,,,,24,"Journal of Enterprise Information Management",,
"277","Publisher",,,,,,,,,,25,"Journal of Management Analytics",,
"278","Publisher",,,,,,,,,,26,"Journal of Product Innovation Management",,
"279","Publisher",,,,,,,,,,27,"Journal of Reliable Intelligent Environments",,
"280","Publisher",,,,,,,,,,28,"KITT4SME",,
"281","Publisher",,,,,,,,,,29,"McKinsey",,
"282","Publisher",,,,,,,,,,30,"Microsoft",,
"284","Publisher",,,,,,,,,,32,"NPJ Digital Medicine",,
"285","Publisher",,,,,,,,,,33,"OECD",,
"286","Publisher",,,,,,,,,,34,"Patterns",,
"287","Publisher",,,,,,,,,,35,"Peak",,
"288","Publisher",,,,,,,,,,36,"Pluralsight",,
"289","Publisher",,,,,,,,,,37,"PriceWaterhouseCoopers",,
"290","Publisher",,,,,,,,,,38,"Proboscis",,
"291","Publisher",,,,,,,,,,39,"Technovation",,
"292","Publisher",,,,,,,,,,40,"The International Journal of Advanced Manufacturing Technology",,
"293","Publisher",,,,,,,,,,41,"The International Journal of Human Resource Management",,
"294","Publisher",,,,,,,,,,42,"TM Forum",,
"295","Publisher",,,,,,,,,,43,"University of Lincoln",,
"296","Publisher",,,,,,,,,,44,"Westmonroe",,
"297","Publisher",,,,,,,,,,45,"World Economic Forum",,
"298","Publisher",,,,,,,,,,46,"Allie K. Miller",,
"299","Type",,,,,,,,,,,,"Approach",1
"300","Type",,,,,,,,,,,,"Framework",2
"301","Type",,,,,,,,,,,,"Guidelines",3
"302","Type",,,,,,,,,,,,"Toolkit",4
"303","Type",,,,,,,,,,,,"Workflow",5