{
  "version": "1.4.0-beta.0",
  "graph": {
    "nodes": [
      {
        "id": "n0",
        "position": {
          "x": -352.5086219713516,
          "y": 227
        },
        "caption": "Dimension"
      },
      {
        "id": "n1",
        "position": {
          "x": -117.00431098567583,
          "y": 227
        },
        "caption": "Criteria"
      },
      {
        "id": "n2",
        "position": {
          "x": -117.00431098567583,
          "y": 462.5043109856758
        },
        "caption": "Document"
      },
      {
        "id": "n3",
        "position": {
          "x": 118.49999999999994,
          "y": 462.5043109856758
        },
        "caption": "Publisher"
      },
      {
        "id": "n4",
        "position": {
          "x": 36.259863015493664,
          "y": 283.6961079843114
        },
        "caption": "Type"
      }
    ],
    "relationships": [
      {
        "id": "n0",
        "type": "PART_OF",
        "fromId": "n1",
        "toId": "n0"
      },
      {
        "id": "n1",
        "type": "OVERCOME",
        "fromId": "n1",
        "toId": "n1"
      },
      {
        "id": "n2",
        "type": "CONSIDERS",
        "fromId": "n2",
        "toId": "n1"
      },
      {
        "id": "n3",
        "type": "PUBLISHES",
        "fromId": "n3",
        "toId": "n2"
      },
      {
        "id": "n4",
        "type": "EXAMPLE_OF",
        "fromId": "n2",
        "toId": "n4"
      }
    ]
  },
  "dataModel": {
    "version": "1.4.0-beta.0",
    "graphSchemaRepresentation": {
      "version": "1.0.0",
      "graphSchema": {
        "nodeLabels": [
          {
            "$id": "nl:n0",
            "token": "Dimension",
            "properties": [
              {
                "$id": "p:1",
                "token": "dimensionID",
                "type": {
                  "type": "string"
                },
                "nullable": true
              },
              {
                "$id": "p:2",
                "token": "Dimension",
                "type": {
                  "type": "string"
                },
                "nullable": true
              }
            ]
          },
          {
            "$id": "nl:n1",
            "token": "Criteria",
            "properties": [
              {
                "$id": "p:3",
                "token": "criterionID",
                "type": {
                  "type": "string"
                },
                "nullable": true
              },
              {
                "$id": "p:5",
                "token": "Criteria",
                "type": {
                  "type": "string"
                },
                "nullable": true
              },
              {
                "$id": "p:6",
                "token": "Description",
                "type": {
                  "type": "string"
                },
                "nullable": true
              }
            ]
          },
          {
            "$id": "nl:n2",
            "token": "Document",
            "properties": [
              {
                "$id": "p:7",
                "token": "docID",
                "type": {
                  "type": "integer"
                },
                "nullable": true
              },
              {
                "$id": "p:8",
                "token": "Reference",
                "type": {
                  "type": "string"
                },
                "nullable": true
              },
              {
                "$id": "p:9",
                "token": "Name",
                "type": {
                  "type": "string"
                },
                "nullable": true
              },
              {
                "$id": "p:10",
                "token": "Link",
                "type": {
                  "type": "string"
                },
                "nullable": true
              },
              {
                "$id": "p:11",
                "token": "Year",
                "type": {
                  "type": "integer"
                },
                "nullable": true
              }
            ]
          },
          {
            "$id": "nl:n3",
            "token": "Publisher",
            "properties": [
              {
                "$id": "p:17",
                "token": "publisherID",
                "type": {
                  "type": "integer"
                },
                "nullable": true
              },
              {
                "$id": "p:18",
                "token": "Publisher",
                "type": {
                  "type": "string"
                },
                "nullable": true
              }
            ]
          },
          {
            "$id": "nl:n4",
            "token": "Type",
            "properties": [
              {
                "$id": "p:19",
                "token": "typeID",
                "type": {
                  "type": "integer"
                },
                "nullable": true
              },
              {
                "$id": "p:20",
                "token": "Type",
                "type": {
                  "type": "string"
                },
                "nullable": true
              }
            ]
          }
        ],
        "relationshipTypes": [
          {
            "$id": "rt:n0",
            "token": "PART_OF",
            "properties": []
          },
          {
            "$id": "rt:n1",
            "token": "OVERCOME",
            "properties": []
          },
          {
            "$id": "rt:n2",
            "token": "CONSIDERS",
            "properties": [
              {
                "$id": "p:14",
                "token": "docID",
                "type": {
                  "type": "integer"
                },
                "nullable": true
              },
              {
                "$id": "p:15",
                "token": "criterionID",
                "type": {
                  "type": "string"
                },
                "nullable": true
              },
              {
                "$id": "p:16",
                "token": "Score",
                "type": {
                  "type": "integer"
                },
                "nullable": true
              }
            ]
          },
          {
            "$id": "rt:n3",
            "token": "PUBLISHES",
            "properties": []
          },
          {
            "$id": "rt:n4",
            "token": "EXAMPLE_OF",
            "properties": []
          }
        ],
        "nodeObjectTypes": [
          {
            "$id": "n:n0",
            "labels": [
              {
                "$ref": "#nl:n0"
              }
            ]
          },
          {
            "$id": "n:n1",
            "labels": [
              {
                "$ref": "#nl:n1"
              }
            ]
          },
          {
            "$id": "n:n2",
            "labels": [
              {
                "$ref": "#nl:n2"
              }
            ]
          },
          {
            "$id": "n:n3",
            "labels": [
              {
                "$ref": "#nl:n3"
              }
            ]
          },
          {
            "$id": "n:n4",
            "labels": [
              {
                "$ref": "#nl:n4"
              }
            ]
          }
        ],
        "relationshipObjectTypes": [
          {
            "$id": "r:n0",
            "type": {
              "$ref": "#rt:n0"
            },
            "from": {
              "$ref": "#n:n1"
            },
            "to": {
              "$ref": "#n:n0"
            }
          },
          {
            "$id": "r:n1",
            "type": {
              "$ref": "#rt:n1"
            },
            "from": {
              "$ref": "#n:n1"
            },
            "to": {
              "$ref": "#n:n1"
            }
          },
          {
            "$id": "r:n2",
            "type": {
              "$ref": "#rt:n2"
            },
            "from": {
              "$ref": "#n:n2"
            },
            "to": {
              "$ref": "#n:n1"
            }
          },
          {
            "$id": "r:n3",
            "type": {
              "$ref": "#rt:n3"
            },
            "from": {
              "$ref": "#n:n3"
            },
            "to": {
              "$ref": "#n:n2"
            }
          },
          {
            "$id": "r:n4",
            "type": {
              "$ref": "#rt:n4"
            },
            "from": {
              "$ref": "#n:n2"
            },
            "to": {
              "$ref": "#n:n4"
            }
          }
        ],
        "constraints": [
          {
            "$id": "c:1",
            "name": "dimensionID_Dimension_uniq",
            "constraintType": "uniqueness",
            "entityType": "node",
            "nodeLabel": {
              "$ref": "#nl:n0"
            },
            "properties": [
              {
                "$ref": "#p:1"
              }
            ]
          },
          {
            "$id": "c:3",
            "name": "docID_Document_uniq",
            "constraintType": "uniqueness",
            "entityType": "node",
            "nodeLabel": {
              "$ref": "#nl:n2"
            },
            "properties": [
              {
                "$ref": "#p:7"
              }
            ]
          },
          {
            "$id": "c:4",
            "name": "publisherID_Publisher_uniq",
            "constraintType": "uniqueness",
            "entityType": "node",
            "nodeLabel": {
              "$ref": "#nl:n3"
            },
            "properties": [
              {
                "$ref": "#p:17"
              }
            ]
          },
          {
            "$id": "c:5",
            "name": "typeID_Type_uniq",
            "constraintType": "uniqueness",
            "entityType": "node",
            "nodeLabel": {
              "$ref": "#nl:n4"
            },
            "properties": [
              {
                "$ref": "#p:19"
              }
            ]
          },
          {
            "$id": "c:6",
            "name": "criterionID_Criteria_uniq",
            "constraintType": "uniqueness",
            "entityType": "node",
            "nodeLabel": {
              "$ref": "#nl:n1"
            },
            "properties": [
              {
                "$ref": "#p:3"
              }
            ]
          }
        ],
        "indexes": [
          {
            "$id": "i:1",
            "name": "dimensionID_Dimension_uniq",
            "indexType": "default",
            "entityType": "node",
            "nodeLabel": {
              "$ref": "#nl:n0"
            },
            "properties": [
              {
                "$ref": "#p:1"
              }
            ]
          },
          {
            "$id": "i:2",
            "name": "criterionID_Criteria_uniq",
            "indexType": "default",
            "entityType": "node",
            "nodeLabel": {
              "$ref": "#nl:n1"
            },
            "properties": [
              {
                "$ref": "#p:3"
              }
            ]
          },
          {
            "$id": "i:3",
            "name": "docID_Document_uniq",
            "indexType": "default",
            "entityType": "node",
            "nodeLabel": {
              "$ref": "#nl:n2"
            },
            "properties": [
              {
                "$ref": "#p:7"
              }
            ]
          },
          {
            "$id": "i:4",
            "name": "publisherID_Publisher_uniq",
            "indexType": "default",
            "entityType": "node",
            "nodeLabel": {
              "$ref": "#nl:n3"
            },
            "properties": [
              {
                "$ref": "#p:17"
              }
            ]
          },
          {
            "$id": "i:5",
            "name": "typeID_Type_uniq",
            "indexType": "default",
            "entityType": "node",
            "nodeLabel": {
              "$ref": "#nl:n4"
            },
            "properties": [
              {
                "$ref": "#p:19"
              }
            ]
          },
          {
            "$id": "i:6",
            "name": "Dimension_Dimension",
            "indexType": "default",
            "entityType": "node",
            "nodeLabel": {
              "$ref": "#nl:n0"
            },
            "properties": [
              {
                "$ref": "#p:2"
              }
            ]
          },
          {
            "$id": "i:7",
            "name": "Publisher_Publisher",
            "indexType": "default",
            "entityType": "node",
            "nodeLabel": {
              "$ref": "#nl:n3"
            },
            "properties": [
              {
                "$ref": "#p:18"
              }
            ]
          },
          {
            "$id": "i:8",
            "name": "Type_Type",
            "indexType": "default",
            "entityType": "node",
            "nodeLabel": {
              "$ref": "#nl:n4"
            },
            "properties": [
              {
                "$ref": "#p:20"
              }
            ]
          },
          {
            "$id": "i:9",
            "name": "Criteria_Criteria",
            "indexType": "default",
            "entityType": "node",
            "nodeLabel": {
              "$ref": "#nl:n1"
            },
            "properties": [
              {
                "$ref": "#p:5"
              }
            ]
          },
          {
            "$id": "i:10",
            "name": "Name_Document",
            "indexType": "default",
            "entityType": "node",
            "nodeLabel": {
              "$ref": "#nl:n2"
            },
            "properties": [
              {
                "$ref": "#p:9"
              }
            ]
          },
          {
            "$id": "i:11",
            "name": "Year_Document",
            "indexType": "default",
            "entityType": "node",
            "nodeLabel": {
              "$ref": "#nl:n2"
            },
            "properties": [
              {
                "$ref": "#p:11"
              }
            ]
          }
        ]
      }
    },
    "graphSchemaExtensionsRepresentation": {
      "nodeKeyProperties": [
        {
          "node": {
            "$ref": "#n:n0"
          },
          "keyProperty": {
            "$ref": "#p:1"
          }
        },
        {
          "node": {
            "$ref": "#n:n1"
          },
          "keyProperty": {
            "$ref": "#p:3"
          }
        },
        {
          "node": {
            "$ref": "#n:n2"
          },
          "keyProperty": {
            "$ref": "#p:7"
          }
        },
        {
          "node": {
            "$ref": "#n:n3"
          },
          "keyProperty": {
            "$ref": "#p:17"
          }
        },
        {
          "node": {
            "$ref": "#n:n4"
          },
          "keyProperty": {
            "$ref": "#p:19"
          }
        }
      ]
    },
    "graphMappingRepresentation": {
      "dataSourceSchema": {
        "type": "local/csv",
        "tableSchemas": [
          {
            "$id": "t:1",
            "name": "criteria.csv",
            "expanded": true,
            "fields": [
              {
                "name": "criterionID",
                "type": "string",
                "sample": "A1",
                "include": true
              },
              {
                "name": "dimensionID",
                "type": "string",
                "sample": "A",
                "include": true
              },
              {
                "name": "criterionName",
                "type": "string",
                "sample": "Conceptualization",
                "include": true
              },
              {
                "name": "criterionDescription",
                "type": "string",
                "sample": "",
                "include": true
              }
            ]
          },
          {
            "$id": "t:2",
            "name": "dimensions.csv",
            "expanded": true,
            "fields": [
              {
                "name": "dimensionID",
                "type": "string",
                "sample": "A",
                "include": true
              },
              {
                "name": "dimensionDescription",
                "type": "string",
                "sample": "Stages of AI adoption",
                "include": true
              }
            ]
          },
          {
            "$id": "t:3",
            "name": "docs.csv",
            "expanded": true,
            "fields": [
              {
                "name": "docID",
                "type": "integer",
                "sample": "1",
                "include": true
              },
              {
                "name": "Reference",
                "type": "string",
                "sample": "",
                "include": true
              },
              {
                "name": "Name",
                "type": "string",
                "sample": "AI Adoption Toolkit",
                "include": true
              },
              {
                "name": "Link",
                "type": "string",
                "sample": "https://apps.digicatapult.org.uk/ai-adoption-toolkit/#section-2 ",
                "include": true
              },
              {
                "name": "Year",
                "type": "integer",
                "sample": "",
                "include": true
              },
              {
                "name": "publisherID",
                "type": "integer",
                "sample": "13",
                "include": true
              },
              {
                "name": "typeID",
                "type": "integer",
                "sample": "4",
                "include": true
              }
            ]
          },
          {
            "$id": "t:4",
            "name": "enablers-barriers.csv",
            "expanded": true,
            "fields": [
              {
                "name": "enablerID",
                "type": "string",
                "sample": "C1",
                "include": true
              },
              {
                "name": "enablerDescription",
                "type": "string",
                "sample": "Development of dynamic capabilities",
                "include": true
              },
              {
                "name": "barrierID",
                "type": "string",
                "sample": "E1",
                "include": true
              }
            ]
          },
          {
            "$id": "t:5",
            "name": "publishers.csv",
            "expanded": true,
            "fields": [
              {
                "name": "publisherID",
                "type": "integer",
                "sample": "1",
                "include": true
              },
              {
                "name": "publisherName",
                "type": "string",
                "sample": "Ada Lovelace Institute",
                "include": true
              }
            ]
          },
          {
            "$id": "t:6",
            "name": "types.csv",
            "expanded": true,
            "fields": [
              {
                "name": "typeID",
                "type": "integer",
                "sample": "1",
                "include": true
              },
              {
                "name": "type",
                "type": "string",
                "sample": "Approach",
                "include": true
              }
            ]
          },
          {
            "$id": "t:7",
            "name": "doc-evaluation.csv",
            "expanded": true,
            "fields": [
              {
                "name": "docID",
                "type": "integer",
                "sample": "1",
                "include": true
              },
              {
                "name": "Name",
                "type": "string",
                "sample": "AI Adoption Toolkit",
                "include": true
              },
              {
                "name": "Link",
                "type": "string",
                "sample": "https://apps.digicatapult.org.uk/ai-adoption-toolkit/#section-2 ",
                "include": true
              },
              {
                "name": "criterionID",
                "type": "string",
                "sample": "A1",
                "include": true
              },
              {
                "name": "criterion",
                "type": "string",
                "sample": "Conceptualization",
                "include": true
              },
              {
                "name": "score",
                "type": "integer",
                "sample": "2",
                "include": true
              }
            ]
          }
        ]
      },
      "nodeMappings": [
        {
          "node": {
            "$ref": "#n:n0"
          },
          "tableSchema": {
            "$ref": "#t:2"
          },
          "propertyMappings": [
            {
              "property": {
                "$ref": "#p:1"
              },
              "fieldName": "dimensionID"
            },
            {
              "property": {
                "$ref": "#p:2"
              },
              "fieldName": "dimensionDescription"
            }
          ]
        },
        {
          "node": {
            "$ref": "#n:n4"
          },
          "tableSchema": {
            "$ref": "#t:6"
          },
          "propertyMappings": [
            {
              "property": {
                "$ref": "#p:19"
              },
              "fieldName": "typeID"
            },
            {
              "property": {
                "$ref": "#p:20"
              },
              "fieldName": "type"
            }
          ]
        },
        {
          "node": {
            "$ref": "#n:n1"
          },
          "tableSchema": {
            "$ref": "#t:1"
          },
          "propertyMappings": [
            {
              "property": {
                "$ref": "#p:5"
              },
              "fieldName": "criterionName"
            },
            {
              "property": {
                "$ref": "#p:3"
              },
              "fieldName": "criterionID"
            },
            {
              "property": {
                "$ref": "#p:6"
              },
              "fieldName": "criterionDescription"
            }
          ]
        },
        {
          "node": {
            "$ref": "#n:n3"
          },
          "tableSchema": {
            "$ref": "#t:5"
          },
          "propertyMappings": [
            {
              "property": {
                "$ref": "#p:17"
              },
              "fieldName": "publisherID"
            },
            {
              "property": {
                "$ref": "#p:18"
              },
              "fieldName": "publisherName"
            }
          ]
        },
        {
          "node": {
            "$ref": "#n:n2"
          },
          "tableSchema": {
            "$ref": "#t:3"
          },
          "propertyMappings": [
            {
              "property": {
                "$ref": "#p:7"
              },
              "fieldName": "docID"
            },
            {
              "property": {
                "$ref": "#p:8"
              },
              "fieldName": "Reference"
            },
            {
              "property": {
                "$ref": "#p:9"
              },
              "fieldName": "Name"
            },
            {
              "property": {
                "$ref": "#p:10"
              },
              "fieldName": "Link"
            },
            {
              "property": {
                "$ref": "#p:11"
              },
              "fieldName": "Year"
            }
          ]
        }
      ],
      "relationshipMappings": [
        {
          "relationship": {
            "$ref": "#r:n3"
          },
          "tableSchema": {
            "$ref": "#t:3"
          },
          "propertyMappings": [],
          "fromMapping": {
            "fieldName": "publisherID"
          },
          "toMapping": {
            "fieldName": "docID"
          }
        },
        {
          "relationship": {
            "$ref": "#r:n4"
          },
          "tableSchema": {
            "$ref": "#t:3"
          },
          "propertyMappings": [],
          "fromMapping": {
            "fieldName": "docID"
          },
          "toMapping": {
            "fieldName": "typeID"
          }
        },
        {
          "relationship": {
            "$ref": "#r:n2"
          },
          "tableSchema": {
            "$ref": "#t:7"
          },
          "propertyMappings": [
            {
              "property": {
                "$ref": "#p:14"
              },
              "fieldName": "docID"
            },
            {
              "property": {
                "$ref": "#p:15"
              },
              "fieldName": "criterionID"
            },
            {
              "property": {
                "$ref": "#p:16"
              },
              "fieldName": "score"
            }
          ],
          "fromMapping": {
            "fieldName": "docID"
          },
          "toMapping": {
            "fieldName": "criterionID"
          }
        },
        {
          "relationship": {
            "$ref": "#r:n0"
          },
          "tableSchema": {
            "$ref": "#t:1"
          },
          "propertyMappings": [],
          "fromMapping": {
            "fieldName": "criterionID"
          },
          "toMapping": {
            "fieldName": "dimensionID"
          }
        },
        {
          "relationship": {
            "$ref": "#r:n1"
          },
          "tableSchema": {
            "$ref": "#t:4"
          },
          "propertyMappings": [],
          "fromMapping": {
            "fieldName": "enablerID"
          },
          "toMapping": {
            "fieldName": "barrierID"
          }
        }
      ]
    },
    "configurations": {
      "idsToIgnore": []
    }
  }
}